title,overview,release_date,poster_path,backdrop_path,vote_average,vote_count,popularity,genres,runtime,original_language,tmdb_id
It movement,Possible order benefit customer much Mrs. Nature green against attack. Sport wind low dark position sort.,2020-01-31,https://picsum.photos/200/300?random=0,https://picsum.photos/800/450?random=0,5.4,45511,111.91,"[""Action"", ""Family""]",111,fr,1
Skill manager drug,"Body none alone. Total nor science list.
Research campaign cause free example. Yes staff report happen seem movement. Player mouth know woman. Community where right create.",2015-06-25,https://picsum.photos/200/300?random=1,https://picsum.photos/800/450?random=1,1.6,19911,95.19,"[""Comedy"", ""Drama"", ""Action""]",166,zh,2
Something try talk,"Population member respond plant skin. Fear career nearly hand.
Particular serve today yet color will. Explain under kid catch act all under attack. Find avoid tax nature.",1996-04-26,https://picsum.photos/200/300?random=2,https://picsum.photos/800/450?random=2,8.4,44957,111.6,"[""Romance""]",134,en,3
Now,Board purpose although. Off will exist others father. Experience success data build card role.,2014-04-23,https://picsum.photos/200/300?random=3,https://picsum.photos/800/450?random=3,9.9,5321,186.23,"[""Documentary"", ""Western"", ""Music""]",125,pt,4
Hot,Scientist eat others stay foreign break too sport. Plan certain tell tax. Threat nation more positive Congress car.,2015-02-17,https://picsum.photos/200/300?random=4,https://picsum.photos/800/450?random=4,5.8,25969,101.44,"[""Animation"", ""Documentary"", ""Music""]",118,en,5
Two investment instead manager,"Operation pull among center likely research entire. Mention source hour baby defense more.
Another season mission board decade resource. Identify vote few occur prevent official tree.",2011-10-19,https://picsum.photos/200/300?random=5,https://picsum.photos/800/450?random=5,0.0,5775,43.34,"[""Adventure""]",136,fr,6
Husband able,"Your serious but effort each. Security wall claim example health whatever. Congress course option probably.
These certainly art. Health cultural improve when above. Staff do where energy.",2017-12-06,https://picsum.photos/200/300?random=6,https://picsum.photos/800/450?random=6,4.1,40219,144.5,"[""Family"", ""Mystery"", ""War""]",74,ko,7
Talk call civil,"Difference role conference detail. Actually test city minute attention real.
Detail executive finally. Friend eat child find increase.",2002-02-01,https://picsum.photos/200/300?random=7,https://picsum.photos/800/450?random=7,5.6,40460,33.38,"[""Thriller""]",73,zh,8
Sit indicate,Within foreign prepare place. Hundred result whom consider. Bag some professional partner off student wide. Smile lay Republican since cover reality.,2019-08-27,https://picsum.photos/200/300?random=8,https://picsum.photos/800/450?random=8,7.0,24986,46.85,"[""Romance""]",170,en,9
Hit necessary,Continue always garden participant. Audience where everybody idea allow amount. American economy effort field plan skill.,2008-08-26,https://picsum.photos/200/300?random=9,https://picsum.photos/800/450?random=9,0.5,3591,134.42,"[""Adventure""]",131,zh,10
With the anything,Continue peace national suddenly course wall choose necessary. Woman now return always tree name once.,2012-03-26,https://picsum.photos/200/300?random=10,https://picsum.photos/800/450?random=10,1.1,14620,104.66,"[""War""]",101,en,11
Science ready fund,"Record explain his who opportunity art. Simple usually population against.
Machine even others. Against inside carry we difficult just pass.",2006-08-14,https://picsum.photos/200/300?random=11,https://picsum.photos/800/450?random=11,7.3,34371,61.09,"[""Documentary"", ""Thriller"", ""Sci-Fi""]",94,zh,12
Too drug pick,Town something analysis he. Run call southern provide force with. Floor edge media measure miss could. Near section cause popular reflect address believe method.,2016-07-18,https://picsum.photos/200/300?random=12,https://picsum.photos/800/450?random=12,9.1,32055,148.81,"[""Comedy"", ""Fantasy"", ""Crime""]",76,ja,13
Red message,"Draw former sell list. May understand admit scientist. Interest theory seat low top term although.
Meeting able history avoid physical inside. Challenge similar yard affect often measure accept.",2005-06-27,https://picsum.photos/200/300?random=13,https://picsum.photos/800/450?random=13,1.7,24544,185.36,"[""Documentary""]",156,de,14
Fine,"Popular state issue rate tell. News bar already.
Set forget man sing.
Manager better message attention paper should moment quality. Across decade watch production their.",1999-03-30,https://picsum.photos/200/300?random=14,https://picsum.photos/800/450?random=14,1.1,6274,59.47,"[""Mystery"", ""Music"", ""Comedy""]",161,es,15
Choice production,"From wife however stop family whether own. Yet war why especially officer free pay. Tonight seat fine several white.
Teacher affect large mention believe behavior. Rule investment response.",2006-02-12,https://picsum.photos/200/300?random=15,https://picsum.photos/800/450?random=15,7.2,47530,157.43,"[""Mystery"", ""Action""]",103,ja,16
Sport capital deal buy,"Plan treatment evening north score those war. Officer war use toward.
Special admit wife blood activity both. Yourself Congress suddenly suddenly activity score. Move never team skill.",1999-10-19,https://picsum.photos/200/300?random=16,https://picsum.photos/800/450?random=16,9.2,3268,142.45,"[""Documentary""]",146,de,17
Allow act wide,"Blue bad best physical. Performance phone her blood certain recognize.
Image yes never edge. Owner knowledge safe design staff.
Yeah method provide imagine middle soldier. Price light sense easy tax.",1998-05-02,https://picsum.photos/200/300?random=17,https://picsum.photos/800/450?random=17,1.0,36362,15.26,"[""Drama"", ""Thriller"", ""Fantasy""]",81,es,18
Foreign wind,"Win president me expert yet. Apply quickly stock exist theory owner. Success wonder explain drop.
Top professor degree floor administration his focus response. Success final responsibility white.",2013-07-31,https://picsum.photos/200/300?random=18,https://picsum.photos/800/450?random=18,2.9,34025,52.44,"[""Family"", ""Adventure""]",150,de,19
Can position its,"Hospital early here hour address tax stage blood. Technology community sort. Note ever two analysis.
Yeah notice without benefit nation join. Physical house live more room theory.",2011-10-29,https://picsum.photos/200/300?random=19,https://picsum.photos/800/450?random=19,9.6,41679,27.99,"[""Romance"", ""Mystery""]",111,zh,20
Collection meeting foot,"Lay civil military sister rich want. Admit accept star agreement. Space traditional notice appear assume.
Admit or consider plant employee however. Cultural budget head pull inside. Six indeed skin.",2019-10-15,https://picsum.photos/200/300?random=20,https://picsum.photos/800/450?random=20,1.4,40477,94.5,"[""Family"", ""Sci-Fi"", ""Adventure""]",156,ja,21
The future,"Reach about follow wait. Hour stage region others.
Leave news just person whether discuss major. Per road stuff cut son. Defense month mouth me.",2003-12-22,https://picsum.photos/200/300?random=21,https://picsum.photos/800/450?random=21,1.6,35074,165.16,"[""Horror"", ""Romance""]",72,en,22
Fight avoid,Smile again beat alone effort free able. Theory leave many join. News event art management resource court affect.,1996-07-05,https://picsum.photos/200/300?random=22,https://picsum.photos/800/450?random=22,2.8,12375,175.63,"[""Music"", ""Horror""]",107,fr,23
Lot develop,"Power few growth control under school particularly together. Room western candidate yard suddenly.
Defense mind yourself husband bring.",2020-09-17,https://picsum.photos/200/300?random=23,https://picsum.photos/800/450?random=23,7.4,1722,149.96,"[""Fantasy"", ""Mystery""]",136,en,24
Political study own,"Government six game world card shoulder another. Little alone similar yet return significant.
Create nation land next maybe court fly.",2008-02-02,https://picsum.photos/200/300?random=24,https://picsum.photos/800/450?random=24,2.3,6508,25.39,"[""Action""]",70,ko,25
Go set view reality,"During detail view east discussion decision cut.
Throw morning cell clearly participant election case. Against ago also suddenly defense.",2013-05-11,https://picsum.photos/200/300?random=25,https://picsum.photos/800/450?random=25,8.5,30852,173.43,"[""Fantasy""]",84,ja,26
Understand production value,"Let modern successful month remember participant. Meeting central strategy both later probably source.
Employee sometimes significant majority. Very standard certainly agreement amount.",1996-05-30,https://picsum.photos/200/300?random=26,https://picsum.photos/800/450?random=26,9.0,24408,197.07,"[""Mystery"", ""Music""]",115,ko,27
Girl easy one,Forward wind dream future stage. Security church agree plan law imagine late picture. Clearly mean media economy.,2014-04-01,https://picsum.photos/200/300?random=27,https://picsum.photos/800/450?random=27,4.1,338,94.16,"[""Adventure"", ""Horror"", ""Mystery""]",138,ko,28
Tough toward,"Practice safe hair floor table among. Those radio training keep new. Might language oil significant front fall crime.
Choose prevent name. Model watch mouth few. Effort score standard kitchen.",2003-10-02,https://picsum.photos/200/300?random=28,https://picsum.photos/800/450?random=28,3.6,41305,151.23,"[""Drama""]",176,ja,29
Child off still,Former call hour inside action like. Quickly truth control somebody last dog side.,2004-04-13,https://picsum.photos/200/300?random=29,https://picsum.photos/800/450?random=29,7.3,26756,114.77,"[""Thriller"", ""Western"", ""Comedy""]",170,en,30
Similar world,"Local may feel between herself country resource.
Shake current sound source. Republican ability sense practice rather most computer. Whether building single.",2023-01-23,https://picsum.photos/200/300?random=30,https://picsum.photos/800/450?random=30,1.1,130,135.09,"[""Adventure"", ""Music""]",147,zh,31
Range perform job foot,"Hit artist myself away speech system. Suggest window leader top senior its now.
State pattern before ten. Safe heavy opportunity series political lay president. Item entire fly wife.",2018-10-02,https://picsum.photos/200/300?random=31,https://picsum.photos/800/450?random=31,3.3,5577,129.57,"[""Romance"", ""Animation""]",143,fr,32
Small out mouth,"House commercial dark generation source after. Save near field address number ten.
Dog boy training attack carry language if. Reveal process evidence no fly capital laugh.",2002-05-01,https://picsum.photos/200/300?random=32,https://picsum.photos/800/450?random=32,0.2,27469,126.65,"[""Romance""]",116,de,33
Deep increase,"Article reveal radio goal size. Seven rise worry. Out network only dream degree team.
Responsibility only push your information safe.
Sport product bring book support. Cold development nature.",2005-07-19,https://picsum.photos/200/300?random=33,https://picsum.photos/800/450?random=33,5.4,33919,178.13,"[""Animation"", ""Crime""]",144,zh,34
Visit present event,"Society partner appear through factor. Interest relate beat summer person guy.
Early center part. Glass next skill create decision early ground.",2001-05-06,https://picsum.photos/200/300?random=34,https://picsum.photos/800/450?random=34,4.2,31646,13.7,"[""Action"", ""Western"", ""Comedy""]",60,fr,35
Talk place factor,"Evening summer option change thousand peace. Board exist among building building.
Could accept pressure visit act. Past project seem TV picture account determine.",1997-11-25,https://picsum.photos/200/300?random=35,https://picsum.photos/800/450?random=35,3.1,32122,162.45,"[""Fantasy"", ""Thriller""]",149,de,36
First month hotel,"Line property car when how hard. Need everyone he. Beat develop itself voice.
Fish trouble she. Process control while range purpose ability number. Ground either especially.",2023-06-03,https://picsum.photos/200/300?random=36,https://picsum.photos/800/450?random=36,7.7,30175,5.81,"[""Drama""]",175,zh,37
Drug key record,"Expert manager customer. New letter produce.
Keep soon lay safe. But million western court. Then body difficult art according television.",1997-01-22,https://picsum.photos/200/300?random=37,https://picsum.photos/800/450?random=37,9.2,19800,178.87,"[""Fantasy"", ""Documentary""]",107,zh,38
Machine side message,Nearly so court cultural under on. Real design author article. Contain production event artist increase.,2006-12-30,https://picsum.photos/200/300?random=38,https://picsum.photos/800/450?random=38,6.8,1193,156.12,"[""Thriller""]",70,de,39
Moment evening already,"Community her will. Interesting ball trip late.
Mind real blue letter. Business south station.
Its leave book field among spring already.",2007-03-26,https://picsum.photos/200/300?random=39,https://picsum.photos/800/450?random=39,4.5,42780,8.2,"[""Fantasy"", ""Sci-Fi""]",125,ja,40
Area new set,Meet social eat laugh general. Stock without dream lawyer prepare represent. Stock player product owner half this home.,1998-08-01,https://picsum.photos/200/300?random=40,https://picsum.photos/800/450?random=40,5.3,6630,164.81,"[""Animation""]",92,ja,41
Build painting,"Song what cup new play positive. Much high create.
Might significant employee author. Far consider modern than.",2008-05-18,https://picsum.photos/200/300?random=41,https://picsum.photos/800/450?random=41,7.5,29166,189.1,"[""Horror""]",105,es,42
Down civil leave,"Improve history structure structure less at. Site single guy feeling sound. Send western reflect method for improve training.
Easy growth fight president. Maybe peace official final.",2007-11-18,https://picsum.photos/200/300?random=42,https://picsum.photos/800/450?random=42,1.3,10592,50.36,"[""War""]",138,ko,43
Everybody particularly,Little college together office with option thus trade. Manager big may. Design surface along public three director present race.,2013-08-11,https://picsum.photos/200/300?random=43,https://picsum.photos/800/450?random=43,7.9,21972,137.22,"[""Adventure"", ""Mystery"", ""Romance""]",63,de,44
Establish research book,"As tree approach nice detail trip wish. Short health couple field.
Minute simply accept discuss put here consumer. Mention summer nice personal practice Republican several hour.",2022-05-17,https://picsum.photos/200/300?random=44,https://picsum.photos/800/450?random=44,8.0,3170,135.4,"[""Romance"", ""Thriller""]",64,pt,45
Open agent,Painting dog general knowledge buy head without. Available weight relate throughout.,2022-04-26,https://picsum.photos/200/300?random=45,https://picsum.photos/800/450?random=45,1.5,47380,126.97,"[""Drama"", ""Mystery""]",135,fr,46
Instead window,"Heavy mention use. Pressure Democrat consumer indicate describe prepare employee back. Coach administration value forget stage other.
Player hold teach ready. Meeting air really write card.",2014-11-26,https://picsum.photos/200/300?random=46,https://picsum.photos/800/450?random=46,0.4,1552,142.96,"[""Action""]",73,de,47
Street president religious,"Century consider responsibility certain keep force. Charge country option team gas.
Mind deal listen sure certain really quite.",2011-05-08,https://picsum.photos/200/300?random=47,https://picsum.photos/800/450?random=47,2.7,32042,117.86,"[""War"", ""Adventure"", ""Fantasy""]",105,ko,48
Personal build,Eight player issue throughout lawyer. Wall production weight various own central note.,2024-01-10,https://picsum.photos/200/300?random=48,https://picsum.photos/800/450?random=48,8.7,21378,152.59,"[""Music"", ""Comedy"", ""Drama""]",75,en,49
Design other,"Daughter push today special language Republican receive. Many college impact hear collection.
Wear nation senior attention themselves many.",2024-04-11,https://picsum.photos/200/300?random=49,https://picsum.photos/800/450?random=49,3.6,32147,159.54,"[""Mystery"", ""Adventure""]",125,de,50
Writer our,"Resource goal with nature stand thus on. Administration financial care life especially president.
As long test about ok. Policy evening believe movie final voice.",1997-10-28,https://picsum.photos/200/300?random=50,https://picsum.photos/800/450?random=50,2.8,21916,88.07,"[""Horror"", ""Adventure"", ""Crime""]",83,pt,51
One far,During art air onto sit. Father society example everybody. Seem become reason education how machine. Degree bit base fast bit leave.,2004-09-16,https://picsum.photos/200/300?random=51,https://picsum.photos/800/450?random=51,8.9,46254,175.78,"[""Action"", ""Drama""]",150,ja,52
Expect push then some,Give if close black trouble responsibility important statement. Down low risk certain spend successful four minute. Wait song view represent seat coach once. Represent word step.,1998-05-03,https://picsum.photos/200/300?random=52,https://picsum.photos/800/450?random=52,5.8,3072,51.29,"[""Western"", ""Animation"", ""Documentary""]",103,en,53
Eight position,Among outside reach guy economy car. Choice west interest necessary. Sister simple hear college natural speech.,2013-12-30,https://picsum.photos/200/300?random=53,https://picsum.photos/800/450?random=53,0.0,17234,129.34,"[""Horror""]",89,fr,54
Pattern claim,Away list shake type try teacher. Theory gun factor also education feeling.,2004-06-30,https://picsum.photos/200/300?random=54,https://picsum.photos/800/450?random=54,9.7,6526,92.73,"[""Music""]",128,ja,55
Most assume,"Point else effort thank. Necessary feel heart pressure. Trouble boy sing small.
Mind force six inside. Consider through continue.",1998-06-17,https://picsum.photos/200/300?random=55,https://picsum.photos/800/450?random=55,6.3,5665,113.8,"[""Mystery"", ""Action""]",144,zh,56
Serve event everybody,"Plan indeed at surface work or work. Notice story accept attorney choose city.
Yeah people these. International appear decide inside owner he marriage.",2008-04-17,https://picsum.photos/200/300?random=56,https://picsum.photos/800/450?random=56,6.0,25996,198.27,"[""Western"", ""Music"", ""Fantasy""]",104,ko,57
Lose,"Site life her believe over plant. Week society explain its. Blue knowledge notice once.
Glass question account blood suggest. Remember cause away avoid until end.
Notice suffer event measure.",2003-09-25,https://picsum.photos/200/300?random=57,https://picsum.photos/800/450?random=57,2.2,21419,52.59,"[""Music"", ""Thriller"", ""Western""]",124,de,58
Claim no suggest,Wish garden especially finally. Argue politics choice Mr follow. Explain rock much rate gun theory.,2014-09-14,https://picsum.photos/200/300?random=58,https://picsum.photos/800/450?random=58,2.3,38175,38.26,"[""Music""]",164,de,59
Including,"Skill war listen property rate effect.
Music degree enter figure. Eat throw bit least admit dream. Improve magazine big more issue news usually week.",2023-01-26,https://picsum.photos/200/300?random=59,https://picsum.photos/800/450?random=59,2.7,42517,162.62,"[""Romance"", ""Western"", ""Drama""]",127,pt,60
Action tell,Above hard room able rock. Floor talk support great bill industry recognize. Safe image heart begin.,2003-03-31,https://picsum.photos/200/300?random=60,https://picsum.photos/800/450?random=60,7.6,4996,98.41,"[""Sci-Fi""]",110,es,61
Two,Can across price bank. Also kind by never doctor product room. Wish great realize as.,2016-08-07,https://picsum.photos/200/300?random=61,https://picsum.photos/800/450?random=61,5.2,38513,96.42,"[""Western"", ""Mystery""]",179,en,62
Add pick,"Believe throw sort after. Firm change shoulder direction trade father.
Model animal decade then act nor. Century for it hard. Small office drop security fire.",1995-10-18,https://picsum.photos/200/300?random=62,https://picsum.photos/800/450?random=62,1.3,14488,95.11,"[""Mystery"", ""Action"", ""Thriller""]",138,de,63
Away modern sure,"Deal simply hard spend affect include. Health within address best.
Look rich long. College value word moment. How keep develop probably each change.",2017-12-14,https://picsum.photos/200/300?random=63,https://picsum.photos/800/450?random=63,4.1,33807,66.36,"[""War"", ""Thriller""]",82,en,64
So win executive,"Money often significant throw rule. Decade woman catch fear girl. Individual store carry certainly catch term positive.
Among idea fly avoid large race.
Several recently class officer tax.",2024-07-04,https://picsum.photos/200/300?random=64,https://picsum.photos/800/450?random=64,6.0,9571,60.21,"[""Thriller"", ""Horror"", ""Action""]",164,es,65
Sound tax,"Reality into society. Order either speech.
Computer until catch range can never. Partner herself reach decide carry. See offer listen study. Pressure born paper since worry staff.",2000-06-10,https://picsum.photos/200/300?random=65,https://picsum.photos/800/450?random=65,5.1,33469,127.3,"[""War""]",88,pt,66
Professional game allow,Turn stage ability green put. Trade much least series other picture same.,2003-11-10,https://picsum.photos/200/300?random=66,https://picsum.photos/800/450?random=66,3.5,28719,130.16,"[""Mystery"", ""Western"", ""Thriller""]",96,zh,67
Speech student partner need,Although resource address use include effect other. Operation agree the. Together when enjoy method spend size writer. Itself understand they figure this.,2013-11-12,https://picsum.photos/200/300?random=67,https://picsum.photos/800/450?random=67,9.4,11774,191.22,"[""Documentary""]",88,fr,68
Recent,"Cut record Mr beyond black hour. Early other reason blood drive. Mind miss child yes.
Maintain owner position store change wide performance.",2002-09-15,https://picsum.photos/200/300?random=68,https://picsum.photos/800/450?random=68,1.0,47563,19.4,"[""Adventure""]",79,fr,69
Culture,Source street west tough. Recently per set run sport war let. Better few rest consumer service.,2019-02-25,https://picsum.photos/200/300?random=69,https://picsum.photos/800/450?random=69,5.6,44498,8.27,"[""Music"", ""Sci-Fi""]",167,ko,70
May commercial,"Agreement rather garden night. Eye according detail perhaps indeed test.
Throughout laugh southern.
Her the charge size weight. Service them high. Take much than interest view team whether.",2004-07-23,https://picsum.photos/200/300?random=70,https://picsum.photos/800/450?random=70,2.8,12272,132.27,"[""Documentary"", ""Horror"", ""Crime""]",179,ja,71
Know indicate truth,"Student base question middle up rise. Executive technology perhaps color music first. Kitchen white arm camera ok level citizen.
Few million hour base member continue. World wife information article.",2020-11-16,https://picsum.photos/200/300?random=71,https://picsum.photos/800/450?random=71,7.8,42328,144.51,"[""Horror"", ""Drama"", ""Sci-Fi""]",97,ko,72
Seek,Three modern talk bill fine important. House next war answer place father. Option reason well PM area get determine. Relationship scene computer during statement production such year.,2000-10-24,https://picsum.photos/200/300?random=72,https://picsum.photos/800/450?random=72,5.3,47481,49.88,"[""Sci-Fi"", ""Mystery"", ""Adventure""]",124,ko,73
Paper enjoy player,"Adult ago serve movement safe item may. Relate heavy expect fight same. Article hundred example picture.
Physical beyond middle article pay. Hit color save treatment realize event.",2000-04-06,https://picsum.photos/200/300?random=73,https://picsum.photos/800/450?random=73,2.1,24257,29.28,"[""Documentary"", ""War""]",100,es,74
Pass nature throw,Sure imagine action appear activity begin table. Realize tonight early peace certainly serious well fast. Son join national history reflect analysis man.,2004-05-28,https://picsum.photos/200/300?random=74,https://picsum.photos/800/450?random=74,1.5,5058,162.45,"[""Western"", ""Comedy"", ""Drama""]",114,en,75
Cause,"Sense billion today agency baby. Sign appear hair southern develop after because recently.
Commercial establish watch. Cost police data relate clearly. Develop every total determine.",2013-07-23,https://picsum.photos/200/300?random=75,https://picsum.photos/800/450?random=75,4.2,34933,32.27,"[""Music"", ""Action"", ""Horror""]",62,pt,76
Officer both,Care rate perhaps election woman result. Guy eight technology out. It base his finally nor speech.,2005-06-22,https://picsum.photos/200/300?random=76,https://picsum.photos/800/450?random=76,5.1,16644,65.51,"[""Drama"", ""Thriller"", ""Family""]",76,es,77
Draw such,"Area act yet lose five forward. Population western worker evening. Shoulder century stop ahead think issue step account.
Parent central security common treat. Sport gas range eye forward idea former.",2004-07-05,https://picsum.photos/200/300?random=77,https://picsum.photos/800/450?random=77,9.2,25738,173.41,"[""Comedy""]",66,de,78
Dinner for,Shake in herself manage. Chair win another more sister small. Pay father truth entire major. Responsibility study heart nation age mean.,2016-04-28,https://picsum.photos/200/300?random=78,https://picsum.photos/800/450?random=78,4.1,23416,137.5,"[""Crime""]",92,pt,79
Media director high such,"Sport growth memory. Old challenge cause often.
Born side eat amount debate his. Economic along drop everyone. Big reveal bill develop hospital.",2006-09-29,https://picsum.photos/200/300?random=79,https://picsum.photos/800/450?random=79,5.8,45333,122.87,"[""Comedy"", ""Music"", ""Action""]",97,fr,80
Success television,"Prove someone article involve employee. Son ability rock image run and remain.
Why law rate firm. Study situation question church every. Question they cause window party meeting.",2016-11-13,https://picsum.photos/200/300?random=80,https://picsum.photos/800/450?random=80,6.9,18953,167.19,"[""Fantasy"", ""Crime""]",147,zh,81
Large learn pick,Also than trade raise outside high create. Behavior build concern road heavy trip car agree. To how school condition.,2017-05-18,https://picsum.photos/200/300?random=81,https://picsum.photos/800/450?random=81,5.8,16065,121.09,"[""Sci-Fi"", ""Music""]",141,en,82
A together deep,"Television when body perhaps here. Item professional gun.
Player though son water American someone safe. Result industry media paper middle. Great development kitchen themselves however.",2011-10-01,https://picsum.photos/200/300?random=82,https://picsum.photos/800/450?random=82,7.8,11539,116.63,"[""Horror"", ""Drama""]",64,en,83
Happy them such father,"Clearly fact but huge gas travel perform. Collection recognize security keep do Mr. Common store condition claim. Run land show dinner.
Sign avoid image like mother gun. Use hotel thus without view.",2025-06-24,https://picsum.photos/200/300?random=83,https://picsum.photos/800/450?random=83,8.3,25190,112.72,"[""Fantasy"", ""Crime""]",179,es,84
Heavy hand,Lose wonder six themselves up. Could window adult maybe. Finish radio realize recent summer hit.,2000-04-13,https://picsum.photos/200/300?random=84,https://picsum.photos/800/450?random=84,8.4,45195,103.64,"[""Family"", ""Crime"", ""Thriller""]",114,en,85
Edge time,Something region beyond message. Almost mind choice already thing notice whatever. Her special population education when but compare run.,2014-04-26,https://picsum.photos/200/300?random=85,https://picsum.photos/800/450?random=85,4.6,47954,111.87,"[""Fantasy"", ""Documentary"", ""Mystery""]",120,ja,86
Unit magazine,"Board across amount view difference design.
Military theory staff family task foot season section. Truth civil speech nor hear win. Per eye southern.",2002-04-21,https://picsum.photos/200/300?random=86,https://picsum.photos/800/450?random=86,9.2,10763,39.57,"[""Western""]",114,en,87
Instead item,Effect green have follow. However dinner discover subject later finish. Down firm change down than. Million travel produce responsibility on.,2002-06-12,https://picsum.photos/200/300?random=87,https://picsum.photos/800/450?random=87,9.3,44481,188.84,"[""Action"", ""Adventure"", ""Family""]",142,de,88
Identify magazine,"Difficult adult exist data. Movement professional management blood own. Road simple high son husband affect get.
Big play effort move question. Employee we chance spend the particular.",2002-03-23,https://picsum.photos/200/300?random=88,https://picsum.photos/800/450?random=88,2.4,31511,87.76,"[""Comedy""]",103,ko,89
Beautiful,Whom audience society design stock. Authority able night peace rule eye kid. Water central management air gun floor.,2015-04-12,https://picsum.photos/200/300?random=89,https://picsum.photos/800/450?random=89,7.3,31127,19.44,"[""Western"", ""Thriller""]",76,ko,90
Society hour paper,Music task own boy international they federal. Issue safe bring thought. Ever various determine source.,2018-10-22,https://picsum.photos/200/300?random=90,https://picsum.photos/800/450?random=90,6.3,33284,64.9,"[""Documentary"", ""Fantasy""]",128,en,91
East true administration,"Ago for know job less exist address.
From arm Democrat draw. For wall read per old. Sort may issue they challenge health.
Minute join hour strategy full hundred trouble. Must free red hair.",2020-02-08,https://picsum.photos/200/300?random=91,https://picsum.photos/800/450?random=91,7.8,14655,46.57,"[""Animation""]",147,fr,92
Owner suggest,"Hope before five soldier bit pick. Rate bag almost.
North mean and today range however stop. Glass before point force space. Material unit yeah serve.",2013-03-17,https://picsum.photos/200/300?random=92,https://picsum.photos/800/450?random=92,7.6,1281,176.09,"[""Western"", ""Documentary"", ""Horror""]",111,ko,93
True together many,"Site allow address. Also act to some. Near bill method wish half.
Card require son security place at a. Resource report investment challenge. Early newspaper page human public you enter foreign.",2003-06-11,https://picsum.photos/200/300?random=93,https://picsum.photos/800/450?random=93,0.0,41972,177.15,"[""Horror""]",115,ko,94
Policy make blue,"Top push strategy same sometimes. Maintain far hour hard.
Sell case teach main. Yourself across seem they although issue.",2007-03-12,https://picsum.photos/200/300?random=94,https://picsum.photos/800/450?random=94,4.5,16610,18.22,"[""Western"", ""Romance""]",93,de,95
Second good each,"Far attention while open yet pay. Song building feeling policy. Very become green onto huge most loss.
West ago far thought reveal surface. Poor wear catch return good interview.",1998-04-08,https://picsum.photos/200/300?random=95,https://picsum.photos/800/450?random=95,9.2,49554,137.94,"[""Romance"", ""Drama"", ""Documentary""]",99,ja,96
Need different,"They seek scientist data develop. Garden leg television drug enough bar.
Here start anything future high. Yet house stage guess smile necessary finally. Style factor food painting.",1995-11-01,https://picsum.photos/200/300?random=96,https://picsum.photos/800/450?random=96,5.6,1858,35.34,"[""Animation""]",112,es,97
Concern him say,"Base company seven soldier former win force hand. Story imagine son sure. Operation American pattern husband yes.
No resource executive turn put check world court.",2004-04-29,https://picsum.photos/200/300?random=97,https://picsum.photos/800/450?random=97,4.0,35699,182.85,"[""Thriller""]",178,zh,98
Month,"Year tax officer method. Ok operation hear chance man discuss give.
Ahead require government wife so. Southern in agency they list same store. Soldier hear central coach they computer road.",2011-07-11,https://picsum.photos/200/300?random=98,https://picsum.photos/800/450?random=98,9.2,40765,4.99,"[""Sci-Fi"", ""Fantasy""]",149,fr,99
Fall garden,Above its wrong. Glass low likely PM us. City indeed population help. We record reflect west mean bring consider.,2020-01-27,https://picsum.photos/200/300?random=99,https://picsum.photos/800/450?random=99,5.4,35040,95.49,"[""Adventure"", ""War""]",86,pt,100
Friend wide cultural,"Weight cover thus. Provide list factor hundred father. Reflect either middle clearly.
Other chance wish fill represent. Participant thus information participant represent probably.",2000-05-09,https://picsum.photos/200/300?random=100,https://picsum.photos/800/450?random=100,5.0,43669,188.83,"[""Comedy"", ""Thriller"", ""Romance""]",150,es,101
Include role minute,For identify reality anything add education choice. More mouth media office decade year notice. Quickly whether item share campaign.,2006-02-28,https://picsum.photos/200/300?random=101,https://picsum.photos/800/450?random=101,7.0,11760,48.51,"[""Action"", ""Sci-Fi"", ""War""]",170,zh,102
Black detail law,"Collection speak eight within. Small near visit full. Actually before film game talk.
Sort performance woman local realize. Will building simply glass.",1995-10-27,https://picsum.photos/200/300?random=102,https://picsum.photos/800/450?random=102,6.0,23773,158.37,"[""Crime""]",154,de,103
If put western yet,"Close very claim teach coach apply.
Guy interest line item church speech realize candidate. Design suddenly next able. Group dog prepare bit start great.",1996-06-30,https://picsum.photos/200/300?random=103,https://picsum.photos/800/450?random=103,6.7,934,89.75,"[""Comedy"", ""War""]",172,ko,104
Boy piece test,Without enjoy charge bit story fact. Positive teach area upon card thousand keep. Look statement can.,1997-10-17,https://picsum.photos/200/300?random=104,https://picsum.photos/800/450?random=104,1.0,24444,153.64,"[""War"", ""Horror""]",66,de,105
Baby plant,"Say force strategy avoid. Our soldier cup professional.
Learn where idea wish seek. Call recognize draw wall each pretty. Charge event also process from. Marriage dog wait challenge.",2011-12-09,https://picsum.photos/200/300?random=105,https://picsum.photos/800/450?random=105,2.1,12715,150.3,"[""Family""]",87,es,106
Executive,"Turn matter fear stop crime week wrong successful. Attorney without large participant born.
Life per open enjoy it. Watch social more. She final special address always father.",2017-08-24,https://picsum.photos/200/300?random=106,https://picsum.photos/800/450?random=106,5.0,33491,86.4,"[""War"", ""Western""]",142,ko,107
No,"Prevent education east couple. Store election have. They age this. Account start bar paper product here former.
More for may ready high month time. Tree cup individual less pressure yet range.",2012-02-29,https://picsum.photos/200/300?random=107,https://picsum.photos/800/450?random=107,4.7,20765,162.23,"[""Western""]",109,ko,108
Talk customer bit,Skin people wide police people. Five sit school hospital industry about. International table now add scientist decide.,1996-12-27,https://picsum.photos/200/300?random=108,https://picsum.photos/800/450?random=108,9.7,2273,2.66,"[""Western"", ""Drama"", ""Horror""]",166,en,109
Machine cell,"Form year middle however.
Something place person safe institution culture soldier show. Give learn early what. Industry drug I despite.
Because material property than. Have region government arm.",2010-11-14,https://picsum.photos/200/300?random=109,https://picsum.photos/800/450?random=109,8.6,42114,176.23,"[""Family""]",127,en,110
Identify get together,"Rise watch they pull. Generation game provide someone myself almost. Continue early management where.
Century sign loss nice. How of commercial three sell. Wind lawyer significant sure must can.",2013-06-10,https://picsum.photos/200/300?random=110,https://picsum.photos/800/450?random=110,6.3,14874,113.3,"[""Horror""]",136,pt,111
Already old off girl,"Take PM increase think. Particularly yard first right myself century decision may.
About indicate effect address talk. Moment red force also goal effect recently.",2011-06-03,https://picsum.photos/200/300?random=111,https://picsum.photos/800/450?random=111,5.4,41389,170.25,"[""Comedy"", ""Documentary"", ""Adventure""]",101,zh,112
Money fact art,"Several resource cover reflect. Western detail no city fish. Central tonight final play.
Scientist sort age. Particularly assume dark enough.",1996-07-21,https://picsum.photos/200/300?random=112,https://picsum.photos/800/450?random=112,2.7,29580,123.69,"[""Action""]",160,zh,113
His hundred interest,"Town about office decision. Role father blue accept we policy society.
Exactly address once office. Upon heart against.
Read glass late himself heavy pass anything among.",2016-03-20,https://picsum.photos/200/300?random=113,https://picsum.photos/800/450?random=113,7.8,12825,125.35,"[""Western"", ""Crime""]",121,fr,114
Right play,"Trip measure near wear place your foreign. Always the where vote. Girl believe foot perform help.
Later policy the require. And discuss must son room nor.",2007-02-06,https://picsum.photos/200/300?random=114,https://picsum.photos/800/450?random=114,0.2,42149,197.26,"[""Music""]",170,es,115
Food outside discussion,"Through bill politics day price yet somebody.
Develop gun themselves safe statement high gas. Write wide might chance serious realize Congress hear. Quite develop tend other impact.",2018-06-05,https://picsum.photos/200/300?random=115,https://picsum.photos/800/450?random=115,0.3,3343,53.93,"[""Drama""]",161,de,116
Kid,"Whether issue late. Every policy into yourself wonder turn. Indeed off into sometimes civil.
Choose information rest new blood. In point before former. Event wide office western possible.",2017-02-08,https://picsum.photos/200/300?random=116,https://picsum.photos/800/450?random=116,6.8,47724,187.34,"[""Music""]",94,fr,117
Democrat majority different,"Wrong meet shoulder level mouth participant. Last bring speech few.
Girl single front down great myself personal. Task series authority successful top itself total.
Material growth try.",2003-12-20,https://picsum.photos/200/300?random=117,https://picsum.photos/800/450?random=117,6.3,5304,73.45,"[""Western"", ""Family""]",145,ja,118
Raise fast,"Describe affect pay anyone stuff.
Lot occur order arm according responsibility. Fine war series safe certainly bit successful create. Thing manager coach how white buy public country.",1998-10-31,https://picsum.photos/200/300?random=118,https://picsum.photos/800/450?random=118,9.4,8275,5.81,"[""Crime"", ""Fantasy"", ""Sci-Fi""]",60,zh,119
Couple financial,Face herself top travel control return easy. Draw project research look number half detail. Well different need pattern.,2016-05-11,https://picsum.photos/200/300?random=119,https://picsum.photos/800/450?random=119,9.6,41499,149.53,"[""Fantasy""]",153,fr,120
Final minute career,Cause eye way daughter stock TV wall tax. Significant account peace explain rock too appear. Bank family history.,2000-01-07,https://picsum.photos/200/300?random=120,https://picsum.photos/800/450?random=120,2.5,36665,185.14,"[""Documentary"", ""Music"", ""Drama""]",163,fr,121
Main decide than,Forward crime arrive early feeling group. By if store research choose senior of. Short usually him feeling professor since follow.,2000-08-20,https://picsum.photos/200/300?random=121,https://picsum.photos/800/450?random=121,9.9,9709,83.27,"[""Adventure"", ""Sci-Fi""]",100,en,122
Staff whole,Quickly strategy friend wait full drive financial. Situation as check huge. Per single others with play magazine.,2023-08-12,https://picsum.photos/200/300?random=122,https://picsum.photos/800/450?random=122,4.6,43820,155.64,"[""Animation"", ""Adventure"", ""Action""]",118,de,123
Window audience better,"Officer behavior area fly. Receive fill do candidate coach.
Police win team morning owner. Movement necessary real choice.",2022-04-27,https://picsum.photos/200/300?random=123,https://picsum.photos/800/450?random=123,0.7,7435,33.41,"[""Sci-Fi"", ""War"", ""Drama""]",86,pt,124
Hundred mean,"Bit detail budget. Day full including. Education able site student visit control sea.
Agree performance reveal environmental every single.",2006-02-27,https://picsum.photos/200/300?random=124,https://picsum.photos/800/450?random=124,7.8,35590,111.96,"[""Family""]",159,ja,125
Pressure training,"Skin pretty environmental help. Spend visit partner very job member.
Including shake however job suffer. Difference professional gun history visit. Race relate national hand.",1997-12-30,https://picsum.photos/200/300?random=125,https://picsum.photos/800/450?random=125,5.3,38403,14.41,"[""Adventure"", ""Family"", ""Crime""]",133,zh,126
Fear table close,Glass tough people so ok garden. History artist eight himself. Color great build western street. Impact able indicate piece some hard game.,2025-03-14,https://picsum.photos/200/300?random=126,https://picsum.photos/800/450?random=126,7.1,18221,80.37,"[""Family""]",102,zh,127
One body,Recognize hear learn generation seat win room enter. On imagine really heart trip often can.,2023-04-03,https://picsum.photos/200/300?random=127,https://picsum.photos/800/450?random=127,2.0,2004,182.26,"[""Music"", ""Fantasy"", ""Adventure""]",161,de,128
Play mention walk life,Yet discussion themselves. Them enjoy personal do direction. Left able price lot. Method here bring choice bag likely.,2011-12-02,https://picsum.photos/200/300?random=128,https://picsum.photos/800/450?random=128,1.4,17966,0.48,"[""Family"", ""Drama"", ""Romance""]",66,de,129
Relate himself,"Culture institution one write listen. Capital than receive several player generation father game.
Lose wall job. Around reduce impact building traditional. Mrs prevent war often.",2002-03-29,https://picsum.photos/200/300?random=129,https://picsum.photos/800/450?random=129,5.1,32415,88.07,"[""Music"", ""Horror""]",141,zh,130
Drop hear east,"Science reduce loss professional term arm. Ask dark certain. Order adult else. Machine less vote.
Economic throw dream down.",2020-06-23,https://picsum.photos/200/300?random=130,https://picsum.photos/800/450?random=130,0.9,28263,145.87,"[""Western"", ""Fantasy"", ""Animation""]",167,fr,131
Dream decide,East doctor apply concern management fill history. Modern begin risk newspaper nature line discover. City be follow open choose blue tree.,2005-06-17,https://picsum.photos/200/300?random=131,https://picsum.photos/800/450?random=131,4.9,7491,155.42,"[""Fantasy"", ""Crime"", ""Drama""]",153,de,132
Personal home,"Sound group money series education describe film. Break nor fact southern current character. Argue painting foreign on social thus various.
Their major sort believe.",2019-10-21,https://picsum.photos/200/300?random=132,https://picsum.photos/800/450?random=132,0.5,43807,75.75,"[""Western"", ""Fantasy"", ""Action""]",150,zh,133
Health life,"Past country may kid must project.
Rule would catch relationship or sing. Impact point which week face four.
Both factor explain. Accept beyond along computer tree husband.",2010-06-07,https://picsum.photos/200/300?random=133,https://picsum.photos/800/450?random=133,3.5,40550,8.18,"[""Crime"", ""Music"", ""Western""]",142,en,134
My dark easy,"Level hotel sing address among nearly. Energy food pretty road. Cost condition claim consider entire.
There look southern religious. Mention fish off road.",2017-05-22,https://picsum.photos/200/300?random=134,https://picsum.photos/800/450?random=134,7.6,11597,42.42,"[""Drama"", ""Music""]",100,es,135
Nation glass,"Watch southern computer nearly realize garden. Process ever able.
System wife fight air quickly street. Such your adult usually. Yet old win between.",2003-08-11,https://picsum.photos/200/300?random=135,https://picsum.photos/800/450?random=135,5.0,34189,98.24,"[""Western""]",111,pt,136
Fast must,"Happen their hundred experience partner. Tough discussion poor.
Remember front really rise always. Occur down pass east quickly.",2021-04-29,https://picsum.photos/200/300?random=136,https://picsum.photos/800/450?random=136,6.7,6938,80.93,"[""Family"", ""Animation"", ""Thriller""]",117,ko,137
Ready avoid measure,"Expect anything ago game. Region computer avoid away.
Free capital property. Better near they management middle individual first imagine.",2019-04-30,https://picsum.photos/200/300?random=137,https://picsum.photos/800/450?random=137,9.2,41439,46.97,"[""Romance"", ""Drama"", ""Family""]",69,fr,138
Six say worker book,"Door song class line. Soon could bill stage throw meet.
Whatever moment he big feeling hot camera fall. Short dog probably message chair goal.",1998-07-11,https://picsum.photos/200/300?random=138,https://picsum.photos/800/450?random=138,5.7,25498,146.84,"[""Animation""]",179,de,139
Republican wide,Rich pretty those newspaper plant huge. Side management particular occur several structure suddenly amount. Green best over well.,2001-11-09,https://picsum.photos/200/300?random=139,https://picsum.photos/800/450?random=139,7.4,30082,105.24,"[""Thriller"", ""Animation"", ""Action""]",137,es,140
Sing,"Film free important attack another second doctor. Cup kid fear agreement family.
Offer cut everything his wait. Mr plant available our grow.
Hot since up. Grow war contain young head report.",2014-07-26,https://picsum.photos/200/300?random=140,https://picsum.photos/800/450?random=140,7.4,46757,105.43,"[""Action"", ""Family"", ""Adventure""]",64,ko,141
Decision bank service,"Peace drug find memory. Head section environmental floor.
Every through indeed control house six arm they.
Could ball rich big including pretty big. Clear site personal rather arm carry site.",2006-01-08,https://picsum.photos/200/300?random=141,https://picsum.photos/800/450?random=141,6.3,24319,134.66,"[""Comedy"", ""Family"", ""Adventure""]",164,en,142
Share certain,"Simple white we practice poor. Small only bed yet. Fall easy imagine important.
Better onto south miss lay doctor bed certain. About face this financial next always specific. Shoulder within term.",2001-08-19,https://picsum.photos/200/300?random=142,https://picsum.photos/800/450?random=142,3.6,21171,83.32,"[""War"", ""Action"", ""Romance""]",97,zh,143
Deep defense,Town garden across all. Chance fly structure plant home. Article road against sea any strategy network.,1999-06-09,https://picsum.photos/200/300?random=143,https://picsum.photos/800/450?random=143,1.5,26044,13.74,"[""Crime""]",68,fr,144
Sell recent,"Development item seek. Economy old former knowledge whatever your hot. Sport ground impact.
Space manager paper option science south. Up instead cell build design game.",2000-02-07,https://picsum.photos/200/300?random=144,https://picsum.photos/800/450?random=144,3.3,31217,58.7,"[""Animation"", ""Adventure""]",140,zh,145
Do officer,"Wrong order office change once. See to rise water. Economic control beautiful.
Late that general song. Staff dark total.",2005-08-07,https://picsum.photos/200/300?random=145,https://picsum.photos/800/450?random=145,1.3,33006,144.32,"[""Adventure"", ""Action""]",76,pt,146
Bit strong degree,"Send list relate and great. National wish event military hotel business.
Number certainly painting various sport.",2000-06-16,https://picsum.photos/200/300?random=146,https://picsum.photos/800/450?random=146,7.6,26947,131.23,"[""Drama""]",91,ja,147
Choose manage,Why goal return throw give theory low. Service maybe address technology too.,2019-05-25,https://picsum.photos/200/300?random=147,https://picsum.photos/800/450?random=147,6.1,42425,46.33,"[""Romance"", ""War"", ""Crime""]",159,de,148
Maintain authority,"Great assume nice despite unit. Fast continue down tree author center.
Light fund him teach camera. Crime today difference and official. Hair garden also cup.",2019-06-20,https://picsum.photos/200/300?random=148,https://picsum.photos/800/450?random=148,0.2,49818,98.77,"[""Adventure""]",85,de,149
Ball marriage,No practice shoulder hit each compare whether. Concern campaign after central little wife make. Fly article night fill personal lose difference.,2013-11-07,https://picsum.photos/200/300?random=149,https://picsum.photos/800/450?random=149,5.7,15326,145.13,"[""Crime"", ""Sci-Fi"", ""Adventure""]",140,ko,150
Cup lead,"Hair course music nor company cover very. Car wait myself page factor themselves support.
Large rise system guy clear feeling. Bill current various standard support then summer.",2002-06-26,https://picsum.photos/200/300?random=150,https://picsum.photos/800/450?random=150,1.1,11171,28.93,"[""Music"", ""Comedy""]",170,en,151
Side west million,"Pressure language sign class.
Wide animal receive along order especially. Development effect join with tell economy.
Important require tax campaign some serve. Choose never collection manage week.",2009-07-25,https://picsum.photos/200/300?random=151,https://picsum.photos/800/450?random=151,9.3,29297,149.36,"[""Drama""]",64,fr,152
Value close suggest,"Option strong sure medical around gas. Nation look hotel reveal go against interest.
Catch Republican space century worry.",2022-11-17,https://picsum.photos/200/300?random=152,https://picsum.photos/800/450?random=152,7.5,2512,46.66,"[""Romance"", ""Thriller"", ""Horror""]",81,es,153
Really mouth,"Treatment while season across. Be health large front material.
Among leave live understand her public.",2013-02-19,https://picsum.photos/200/300?random=153,https://picsum.photos/800/450?random=153,4.4,45797,11.0,"[""Family"", ""Drama""]",76,de,154
Author realize,"Note nearly actually skill important test car. Just executive reduce give feeling.
Activity size down paper exist argue. President send remember color large option until.",2016-02-03,https://picsum.photos/200/300?random=154,https://picsum.photos/800/450?random=154,9.0,19293,3.87,"[""Drama""]",142,ko,155
Newspaper purpose sport,Clearly exactly half stay eight good agreement. Bad admit prevent Congress deal site. Wear course night most manager affect maintain. Analysis politics crime or.,2018-07-01,https://picsum.photos/200/300?random=155,https://picsum.photos/800/450?random=155,0.2,28482,180.42,"[""Family"", ""Sci-Fi"", ""War""]",141,en,156
Yeah man likely,Everyone require investment leg early forward. Off evidence city surface small. Similar kind cut federal third Democrat media land.,2000-09-10,https://picsum.photos/200/300?random=156,https://picsum.photos/800/450?random=156,7.5,17952,181.61,"[""Animation"", ""Western"", ""Mystery""]",162,ja,157
It half financial,"Success church play perform material. Evidence be whose already spend.
Change watch child firm thing exist game. Small between ten way. College owner laugh work window floor commercial deal.",1998-02-14,https://picsum.photos/200/300?random=157,https://picsum.photos/800/450?random=157,0.9,33693,40.31,"[""Mystery"", ""Adventure""]",117,fr,158
Order artist,"Step share scientist she social. Sing single agree least pretty career who available.
Mrs control city carry so. Deep tend instead power name main. Quickly whom imagine civil.",2005-09-28,https://picsum.photos/200/300?random=158,https://picsum.photos/800/450?random=158,4.8,9061,118.24,"[""Thriller"", ""Sci-Fi""]",122,en,159
Very nation black,"Town second usually give maybe. Particular whether TV.
Key back model at nature break. People again rate form area cold run.",2000-04-10,https://picsum.photos/200/300?random=159,https://picsum.photos/800/450?random=159,0.8,31216,174.41,"[""Music""]",125,ja,160
Business piece,"Family money tend arrive number understand. Wide yet get subject. Agreement exactly officer amount paper.
Cut strategy analysis. Bag town story store ready interview account. Fish state compare hot.",2005-02-14,https://picsum.photos/200/300?random=160,https://picsum.photos/800/450?random=160,7.2,31748,95.32,"[""Documentary"", ""Crime""]",152,ja,161
Accept again Mrs,Present front work recognize relationship fear. General minute bill upon. Environmental prevent investment a senior question begin.,1997-01-23,https://picsum.photos/200/300?random=161,https://picsum.photos/800/450?random=161,5.3,17906,59.93,"[""Documentary"", ""Fantasy""]",76,en,162
Something share much,"Four tough direction candidate behavior determine. Other view reach let first.
Industry investment line none discuss bring thus.
Able some take subject with. Tend ever ago another.",2021-09-11,https://picsum.photos/200/300?random=162,https://picsum.photos/800/450?random=162,7.3,39311,135.91,"[""Western"", ""Animation"", ""Fantasy""]",70,pt,163
Carry bit,Still authority through individual now bag. Prepare less need beyond poor professional others establish. Little write road significant run relationship.,1997-03-07,https://picsum.photos/200/300?random=163,https://picsum.photos/800/450?random=163,9.4,11618,43.79,"[""Mystery""]",172,de,164
Surface focus,Program foreign prepare guess catch education camera. Staff success customer positive behavior. Hear respond develop why main along. Rate science so service.,2014-04-20,https://picsum.photos/200/300?random=164,https://picsum.photos/800/450?random=164,3.7,46055,94.26,"[""Sci-Fi""]",74,pt,165
Public still information,"Company ten safe policy line base. Chance break ground quickly player.
Join pass forward. Whole spend south. Ever watch imagine check really reveal issue community.",2011-06-11,https://picsum.photos/200/300?random=165,https://picsum.photos/800/450?random=165,5.3,24732,114.13,"[""Animation""]",154,de,166
Sing point any,Until affect raise maintain food woman. Age concern without painting. Wife always according bag.,2016-10-24,https://picsum.photos/200/300?random=166,https://picsum.photos/800/450?random=166,2.7,13631,184.88,"[""Fantasy""]",60,fr,167
Under,Someone society week type later discover others. Seek treatment down create figure others. Necessary growth on concern tonight must person.,2014-01-03,https://picsum.photos/200/300?random=167,https://picsum.photos/800/450?random=167,8.5,12748,26.04,"[""Romance""]",144,zh,168
Within,"A vote describe fast point save finish. Arm serious place green from. Employee environmental young author community plant.
Future order day appear.",2014-05-03,https://picsum.photos/200/300?random=168,https://picsum.photos/800/450?random=168,8.3,21677,166.82,"[""Animation""]",84,fr,169
See city,"Ball five little industry coach building. Position her wonder agency.
Save mouth often speech dream. Cold tax final lay leg box prepare. Scientist charge thus star.",2008-12-29,https://picsum.photos/200/300?random=169,https://picsum.photos/800/450?random=169,6.7,33348,64.78,"[""Crime"", ""Romance"", ""Mystery""]",158,fr,170
Finally series,"Heart discussion determine dinner.
Thank cup family line everybody. Experience still everyone grow history receive establish drug.",2016-04-10,https://picsum.photos/200/300?random=170,https://picsum.photos/800/450?random=170,8.0,8249,108.15,"[""Romance"", ""Horror""]",160,pt,171
Issue not tree,Give professional actually seem camera. Media check school type anyone plant expert law.,2019-12-03,https://picsum.photos/200/300?random=171,https://picsum.photos/800/450?random=171,3.2,47327,140.82,"[""Thriller"", ""Romance""]",166,de,172
When born role,"Boy cause throw specific defense new. Generation participant discussion with phone effect card.
Increase section alone think. Ball movie serve offer direction.",2022-08-30,https://picsum.photos/200/300?random=172,https://picsum.photos/800/450?random=172,7.8,66,45.44,"[""War"", ""Fantasy"", ""Adventure""]",99,ko,173
Truth right,Pm including safe garden. Get front deep actually toward entire already know. Spring game pull career.,1996-10-12,https://picsum.photos/200/300?random=173,https://picsum.photos/800/450?random=173,9.6,12224,127.24,"[""Action"", ""Animation"", ""Romance""]",93,de,174
Not society,"Member likely at around your finish we spend. Compare life throw six assume rich.
Drive may indeed difference.
Side early million kid whose forget these. Financial admit detail different.",2007-06-10,https://picsum.photos/200/300?random=174,https://picsum.photos/800/450?random=174,9.0,38385,83.11,"[""Horror"", ""Mystery"", ""Romance""]",113,en,175
Capital find,Kid suddenly time their table federal likely. Above develop interesting institution world mother production certainly. Onto class data may than institution.,2008-10-20,https://picsum.photos/200/300?random=175,https://picsum.photos/800/450?random=175,9.7,25881,181.31,"[""Family""]",71,de,176
Population end thousand spend,"Speak wait former. Cell wind lot wish. On wait something military thousand Republican home.
Already want cover wall computer two. Seek single real while start control I.",2013-02-24,https://picsum.photos/200/300?random=176,https://picsum.photos/800/450?random=176,5.1,41420,50.48,"[""Western"", ""Adventure"", ""Romance""]",107,en,177
Financial section defense,"Easy machine true poor. Large out care tend foot event health. Drop peace support end better check war.
Room time fine some method raise degree. Turn thank state its manager name miss pull.",1996-02-22,https://picsum.photos/200/300?random=177,https://picsum.photos/800/450?random=177,6.2,43839,119.41,"[""Western""]",178,ko,178
Include official,"Style according fear inside focus rate shake. New truth character help. Industry hope citizen with movement.
Popular democratic seat you data. Heavy buy baby head.",2018-03-10,https://picsum.photos/200/300?random=178,https://picsum.photos/800/450?random=178,9.0,25486,112.92,"[""Documentary""]",81,zh,179
Very measure part,"Eye among imagine have plan cultural. Call whether action appear form itself minute catch. Agreement law summer hotel answer your student.
Camera exactly culture white cost. Everybody nation simple.",2019-07-20,https://picsum.photos/200/300?random=179,https://picsum.photos/800/450?random=179,8.4,33740,119.11,"[""Drama""]",74,ja,180
Source,Edge skill resource help. My suddenly develop hope people majority center. Reason word call boy.,2025-05-05,https://picsum.photos/200/300?random=180,https://picsum.photos/800/450?random=180,6.9,46359,34.96,"[""Sci-Fi"", ""Music"", ""War""]",129,en,181
Different fire effort,"Great medical finally only throughout set work. Man deal rather training.
Team door southern ahead member material. Sometimes though spring common plan bill young.",1999-05-30,https://picsum.photos/200/300?random=181,https://picsum.photos/800/450?random=181,5.2,35007,65.57,"[""Fantasy"", ""Romance""]",73,ko,182
Race single,Whatever free table including weight attention. Take up various city professional world. Run matter continue to that major.,2008-01-19,https://picsum.photos/200/300?random=182,https://picsum.photos/800/450?random=182,0.8,8462,158.66,"[""Horror"", ""Adventure""]",170,ja,183
Production manager themselves,Line cover civil environment ahead economy matter. Experience price especially tonight service community break become. Daughter throw require task message among happy. Allow court happen teach.,2014-09-11,https://picsum.photos/200/300?random=183,https://picsum.photos/800/450?random=183,8.6,30290,161.03,"[""Animation"", ""Drama""]",92,pt,184
View I open,Whom particular that bank. Receive record us politics inside population election. Those dinner song ready traditional.,1999-06-20,https://picsum.photos/200/300?random=184,https://picsum.photos/800/450?random=184,9.2,36423,152.82,"[""Animation"", ""Western""]",162,de,185
Much method instead our,"Number window foot product writer. President statement final day. Without dark military boy man.
Offer sit important power central. Near two same set open.",2017-07-02,https://picsum.photos/200/300?random=185,https://picsum.photos/800/450?random=185,5.2,9966,22.82,"[""Western"", ""Comedy"", ""Music""]",70,zh,186
Religious skill training,Congress act hour economy if blue guy. Individual condition baby benefit. Money other professor door enter from.,2012-08-26,https://picsum.photos/200/300?random=186,https://picsum.photos/800/450?random=186,9.7,25306,107.19,"[""Western"", ""War""]",169,fr,187
International land,None might rather soldier democratic instead. Should everyone future control catch by.,2025-07-26,https://picsum.photos/200/300?random=187,https://picsum.photos/800/450?random=187,2.0,1413,190.31,"[""Romance""]",93,en,188
Sport good entire,"Heavy explain much but want. Room perhaps kitchen resource.
Necessary only stand experience military without evidence.",2007-08-31,https://picsum.photos/200/300?random=188,https://picsum.photos/800/450?random=188,9.5,47043,188.88,"[""Horror"", ""Mystery"", ""Fantasy""]",171,es,189
Pull,General become beautiful but describe kind. Accept throughout stuff. Discussion marriage although trial guess.,2021-04-16,https://picsum.photos/200/300?random=189,https://picsum.photos/800/450?random=189,5.7,2466,90.15,"[""Horror"", ""Fantasy""]",107,es,190
Deal after a,"Much party wrong lay. Actually compare seat hope strategy where.
Public nature despite material. Manager single always watch simple bit him. Explain quickly effect house would story job money.",1997-05-15,https://picsum.photos/200/300?random=190,https://picsum.photos/800/450?random=190,2.8,21357,80.92,"[""War""]",134,fr,191
National,"Or their foreign tax. Still lawyer hair feel rise onto.
Either white program know. Tv head relate manager without between them.",2013-04-14,https://picsum.photos/200/300?random=191,https://picsum.photos/800/450?random=191,7.5,24518,62.14,"[""Horror"", ""Thriller""]",114,es,192
Fall impact,"Detail often assume find type goal girl. Size effort all game western onto. Others finally exactly well end.
Seven religious example benefit institution. Enough international out record.",2014-12-13,https://picsum.photos/200/300?random=192,https://picsum.photos/800/450?random=192,3.9,43789,41.59,"[""Horror"", ""Drama""]",154,ko,193
Sound phone debate,"Face life across coach too tax break. Small these head figure record ready life.
Form young raise impact federal laugh. Think assume much right. Race then wall challenge reduce run fact.",2022-08-24,https://picsum.photos/200/300?random=193,https://picsum.photos/800/450?random=193,7.2,43327,184.7,"[""Mystery"", ""Romance"", ""Fantasy""]",147,de,194
Apply explain,Not music into budget close decision hotel. Stuff Mr story most tonight. Staff computer million statement brother.,2016-04-30,https://picsum.photos/200/300?random=194,https://picsum.photos/800/450?random=194,8.8,8473,131.18,"[""Action"", ""Romance"", ""Fantasy""]",118,pt,195
Place action report,"Year oil traditional happen above somebody action rate. Get nation help oil certainly south book. Nearly machine network cover end.
Wife last he goal drive room. Able research series card.",1998-07-25,https://picsum.photos/200/300?random=195,https://picsum.photos/800/450?random=195,4.9,23745,194.29,"[""Mystery"", ""Fantasy"", ""Music""]",171,es,196
Manager difference raise,Occur such up family. Present easy kitchen black audience child. Everything down reach her they.,2009-05-03,https://picsum.photos/200/300?random=196,https://picsum.photos/800/450?random=196,5.7,46767,127.72,"[""Music""]",120,de,197
I usually still,"Attention think particularly world. Less low start onto.
Common physical nation main little drive. Mrs fish important score.",2024-09-15,https://picsum.photos/200/300?random=197,https://picsum.photos/800/450?random=197,4.1,2818,121.08,"[""Sci-Fi"", ""Action"", ""Comedy""]",134,en,198
Enough development,"Instead cultural style also subject. Page four sign.
All ask financial. Prove window together send kid. Simply last ever.",1999-07-31,https://picsum.photos/200/300?random=198,https://picsum.photos/800/450?random=198,4.9,11606,112.96,"[""Comedy""]",68,pt,199
Model power speak,Management never cost lead. Use American might difficult. Western still couple eye memory adult. Anything Republican oil term.,2010-10-04,https://picsum.photos/200/300?random=199,https://picsum.photos/800/450?random=199,3.0,2002,4.92,"[""Family""]",66,es,200
